{"repulsion": {"B": {"epsilon": 3991.547365025662, "V0": -3.3447807000770298}, "A": {"epsilon": 4441.868488603015, "V0": -3.281036004647588}}, "bonds": {"(A, B)": {"A_i": [-0.0005794991967577517], "r_i": [1.4883809673686506], "w_i": [-0.057803468617099105]}, "(A, A)": {"A_i": [0.00039533407620473296], "r_i": [2.6418641791445343], "w_i": [0.12297305652719517]}}, "angles": {"(A, A, A)": {"A_i": [0.5293990884442276, 0.13065790778606048, -0.7092431568819823], "theta_i": [159.3729990405562, 175.16657036845854, 167.52405782670914], "w_i": [0.9028416871342477, 0.50512563618874, 0.9698545332555193]}, "(B, A, A)": {"A_i": [-0.002632640304495266, 0.343306692385983, -0.0009476151300774128], "theta_i": [79.75884494976272, -208.5695856110827, 155.0910410396053], "w_i": [0.23011503837162647, 5.458738769120985, 0.22678203676952188]}}, "dihedrals": {"(B, A, A, B)": {"A_i": [3.3339106584754763, 1.3292793605979083, 0.6891016552665573, -1.8651078790021531, 0.6332551317471342, -0.5187813404279101, -1.043618276095728, 0.8000332040613929]}, "(A, A, A, B)": {"A_i": [3.2780729042996573, -0.09650398830441187, 1.811118732318152, 0.12803761684902357, -3.4008133280893653, 0.03927692718602038, 1.9605712860422535, -0.11854305944566135]}, "(A, A, A, A)": {"A_i": [3.3835819198965074, -0.020560098712140547, 0.7222342498361827, 0.499084904440192, -0.7820336568215935, -1.020388246263906, 0.20506189086998708, 0.6183220355145296]}}}